,Dataset,num of round,num of clients,global_acc,global_loss,global_f1,global_precision,global_recall,global_auc,global_fpr
0,Drebin,100,10,0.9248969414893614,0.1712911070883274,0.8312770279976295,0.9702525219952755,0.8182146077547344,0.9746818742340305,0.18178539224526585
