,Dataset,num of round,num of clients,global_acc,global_loss,global_f1,global_precision,global_recall,global_auc,global_fpr
0,Drebin,100,10,0.11629840971236959,0.1880322224078993,0.32355786314999485,0.07278854343441807,0.3230718924727378,0.05849579324559598,0.3230718924727377
