,Dataset,num of round,num of clients,global_acc,global_loss,global_f1,global_precision,global_recall,global_auc,global_fpr
0,Drebin,100,10,0.08893210320123449,0.1458790799829425,0.24315971410437015,0.010580039006264681,0.24644937496607183,0.03184209839834045,0.24644937496607175
