global_acc,global_loss,global_f1,global_precision,global_recall,global_auc,global_fpr
0.960438829787234,0.5858752,0.9459827507943713,0.9524680073126143,0.939585211902615,0.9918945522559213,0.060414788097385035
